{
    "loss": 1.7363544702529907,
    "accuracy": 0.7647058963775635
}